species,sex,count,mean_body_mass_g,sd_body_mass_g
Adelie,female,73,3368.8356164383563,269.3801018438563
Adelie,male,73,4043.4931506849316,346.8115531879778
Chinstrap,female,34,3527.205882352941,285.333911718307
Chinstrap,male,34,3938.970588235294,362.1375500681205
Gentoo,female,58,4679.741379310345,281.57829364263097
Gentoo,male,61,5484.836065573771,313.1585956203804
